prenom,nom
Emmanuel,Léopold
Garnier,Jean
César,Dorine
Primerose,Alverède
Aurian,Olivier
Malo,Constantin
Renaud,Roger
Justin,Angoustan
Quentine,Christiane
Apolline,Axelle
Yoann,Laurane
Basilisse,Jérémie
Clara,Clotaire
Clément,Amandin
Angoustan,Aldonce
Dorothée,Alcyone
Maureen,Côme
Sarah,Adolphe
Cléandre,Juste
Viviane,Ludolphe
Marcelin,Brigitte
Aimable,Amant
Claudine,Jourdain
Abondance,Gabin
Anémone,Isabelle
Isabeau,Arcadie
Hugues,Iris
Éloïse,Matthieu
Arnaud,Théodora
Antonin,Aimée
Léonie,Émérance
Sandrine,Auriane
Laurence,Émile
Calixte,Tiphaine
Hervé,Armance
Gérard,Hubert
Constant,Adjutor
Beuve,Pierrick
Clara,Yvonne
Ernest,Angilran
Philothée,Abondance
Alcidie,Clémence
Absalon,Garnier
Évrard,Delphine
Briac,Aube
Nathanaël,Aricie
Christiane,Marion
Amaliane,Geoffroy
Anatole,Magali
Arsènie,Athanase
Amaryllis,Ludivine
Aquiline,Arthur
Flavie,Swassane
Adalbéron,Raymonde
Marianne,Isidore
Constance,Nestor
Almine,Céline
Lucien,Athalie
Célien,Paul
Barthélemy,Régis
Gonthier,Huguette
Alcyone,Éléonore
Abraham,Camélien
Célestin,Jean
Stéphanie,Mathurin
Alphonsine,Clovis
Morgan,Raymond
Georges,Magali
Nestor,Joachim
Aymardine,Arabelle
Zoéva,Léa
Jeannel,Lothaire
Camille,Archambaud
Audrey,Arolde
Maximilien,Emmelie
Dominique,Olivier
Ambroise,Céleste
Antonine,Edmée
Tancrède,Débora
Sophie,Ariel
Gerbert,Gerbert
Olive,Loïc
Céleste,Vivien
Géraud,Armine
Raymonde,Vinciane
Christelle,Oriande
Cléandre,Mathilde
Yvette,Angèle
Priscille,Armelle
Adèle,Ophélie
Oriane,Bathilde
Vivien,Loup
Pécine,Théophile
Anthelmette,Althée
Quentine,Évrard
Agilbert,Marlène
Anstrudie,Athénaïs
Cassandre,Amante
Venance,Ophélie
Zoéva,Vital
Andrée,Gilbert
Gerbert,Clara
Aline,Innocent
Aleth,Lorrain
Gwenaëlle,Lionel
Aline,Amour
Nicéphore,Scholastique
Aude,Adalbald
Théophraste,Agneflète
Delphine,Brigitte
Gaspard,Archange
Clément,Amalric
Adalard,Ariane
Arthur,Vianney
Adel,Antonine
Avigaëlle,Maxence
Élie,Abeline
Juste,Boniface
Claire,Angilberte
Pécine,Agilbert
Martine,Aurelle
Margot,Pétronille
Emmelie,Alcine
Honorine,France
Marie,Mélissa
Sixtine,Ameline
Emma,Corentin
Armande,Gertrude
Falba,Scholastique
Estelle,Abigaelle
Ève,Marc
Mence,Cléandre
Lucie,Gustavine
Aymeric,Armine
Adélaïde,Antoinette
Gaspar,Élise
Cécile,Mathilde
Odette,Sandra
Parfait,Évariste
Guilhemine,Théophile
Claudine,Briac
Salomon,Job
Aurèle,Flodoard
Jocelyn,Ernest
Arolde,Basilisse
Amande,Adonis
Raphaël,Philippine
Aloïs,Annibal
Félicité,Olympe
Paul,Laurane
Savinien,Claude
Cléry,Angeline
Anthelmette,Amélien
Hilaire,Anthelmette
Alcidie,Léa
Brice,Amandine
Edgard,Patrice
Cyrielle,Auriane
Amiel,Hédelin
Assomption,Girart
Dieudonnée,Adolphe
Ella,Dieudonné
Sixtine,Chrysostome
Catherine,Charline
Adélaïde,Albéric
Antigone,Laurent
Hugues,Séverine
Scholastique,Adrien
Doriane,Blaise
Bruno,Victorin
Jérôme,Virginie
Victorin,Adalbaude
Audran,Valérie
Mamert,Charlemagne
Maud,Alberte
Camille,Simon
Pétronille,Alcine
Arthaud,Gaspard
Toussaint,Annette
Geneviève,Baudouin
Christophe,Turold
Jonathan,Yves
Blanche,Étienne
Firmin,Moïsette
Rodrigue,Romuald
Aurore,Ludolphe
Amélien,Argine
Salomé,Camillien
Émeline,Auxence
Emma,Claudine
Gaël,Augustine
Eudoxe,Huguette
Octave,Alaïs
Émérencie,Fulcran
Agnès,Huguette
Éléonore,Bernadette
Clovis,Hervé
Alverède,Anatole
Dorian,Pépin
Arsène,Morgane
Laura,René
Émile,Yvette
Lothaire,Moïsette
Paul,Quentine
Hardouin,Raphaël
Achille,Alphonsine
Gilles,Venceslas
Mahaut,Andéol
Madeleine,Salomé
Mélodie,Joanny
Firmin,Éric
Abélard,Jehanne
Simone,Madeleine
Bruno,Judith
Audouin,Athénaïs
Thomas,Maugis
Arnaud,Briac
Sauveur,Tonnin
Cédric,Angilbe
Ernest,Douce
Gerbert,Ariel
Archange,Gabriel
Aleaume,Hippolyte
Geoffroy,Justine
Charlaine,Serge
Cédric,Nadine
Angilbe,Nicolas
Eusèbe,Adenet
Lucie,Alexandrine
Eva,Gonthier
Boniface,Yvette
Gerbert,Alpinien
Aleaume,Athina
Honoré,Élia
Balthazar,Aline
Hédelin,Olivier
Valentine,Cassandre
Archibald,Bon
Leu,Florence
Gisèle,Évangéline
Iseult,Armandine
Adonise,Baptiste
Aubry,Joëlle
Constantin,Calixte
Bruno,Ernestine
Nicole,Timothée
Andoche,Gaston
Timoléon,Gabrielle
Sibylle,Apolline
Francine,Renée
Dieudonnée,Laurane
Gondebaud,Corentin
Eubert,Jules
Serge,Alexandrine
Cyrielle,Jules
Loup,Axel
Marceau,Bon
Fantin,Olive
Annibal,Victor
Fanny,Valérie
Paulette,Véronique
Hélène,Chrysostome
Candide,Ange
Acacie,Landry
Agilbert,Auguste
Léandre,Ariane
Isabeau,Gwenaëlle
Amandin,Geneviève
Gaspar,Aristide
Odon,Francisque
Valéry,Théophile
Jehanne,Antoinette
Maximilien,Ansbert
Olive,Mahaut
Ludolphe,Fulbert
Jocelyne,Noé
Alcide,Cyprien
Gwenaëlle,Ariste
Annette,Fulgence
Alexine,Azalée
Wandrille,Adèle
Normand,Matthias
Baptiste,Cyriaque
Aubertine,Janine
Hervé,Huguette
Estelle,Suzanne
Marceau,Élisabeth
Ange,Gaud
Vianney,Antide
Fabrice,Tristan
Stéphanie,Céleste
Almire,Huguette
Alix,Valère
Séverin,Camille
Audouin,Anastase
Pierre,Aude
Élzéar,Anne
Eudes,Camillien
Aimé,Pascale
Rita,Auguste
Jérôme,Oriande
Maxime,Tancrède
Manassé,Cléry
Danielle,Antoinette
Coline,Gatien
Gatien,Balthazar
Timoléon,Maguelone
Charles,Palémon
Sixtine,Robert
Réjean,Thaïs
Noël,Mallaury
Amalthée,Clovis
Gatien,Léonie
Xavier,Antoinette
Honorine,Évangéline
Aymon,Herluin
Aglaé,Samuel
Agneflète,Madeleine
Jacinthe,Yolande
Turold,Émile
Mélanie,Muriel
Laura,Francette
Félicité,Apollinaire
Jules,Brunehilde
Guillaume,Childebert
Aimée,Noël
Guenièvre,Jocelyne
Ernestine,Florie
Melchior,Raymond
Bohémond,Matthieu
Bernadette,Agilbert
Thibault,Dorian
Ange,Gervais
Adéodat,Narcisse
Adalbald,Christodule
Betty,Patrice
Olivier,Lorraine
Alban,Timothée
Achaire,Audrey
Georgette,André
Laure,Adonis
Adelphe,Morgane
Théodore,Jean
Vital,Guillaume
Josse,Alcidie
Cyrielle,Blandine
Abigaïl,Danielle
Longin,Rosalie
Aleth,Alban
Clovis,Achaire
Cédric,Calixte
Éloïse,Gédéon
Herbert,Corentine
Dominique,Amande
Adolphie,Sophie
Garnier,Aude
Ameline,Vital
Hélier,Angilbe
Ascension,Chrétien
Aglaé,Daphné
Valère,Arthaud
Georgette,Théodora
Conception,Hélier
Alliaume,Ève
Cyrille,Frédéric
Vinciane,Adam
Christian,Arthurine
Georges,Laurence
Évrard,Renée
Émérance,Fortuné
Lothaire,Xavier
Ludovic,Juliette
Flavien,Romuald
Ronan,Gaëlle
Pélagie,Armel
Christelle,Nadine
Noëlle,Lucie
Reybaud,Adelin
Jude,Rachid
Arthurine,Hélène
Alcine,Primerose
Maguelone,Maugis
Adélie,Herbert
Rose,Jeanne
Aimable,Étienne
Savin,Lucas
Anne,Pécine
Noël,Dorine
César,Raphaël
Philibert,Joachim
Pulchérie,Astérie
Chrysostome,Mayeul
Maureen,Daniel
Jonathan,Armeline
Acanthe,Anicée
Léna,Gatien
Albane,Amarande
Abigaïl,Anne
Cassandre,Aloyse
Conception,Aleaume
Anémone,Sigismond
Alverède,Scholastique
Sébastien,Abelin
Agapet,Adalbert
Mallaury,Xénophon
Aurian,Gatien
Samuel,Marcel
Brunehaut,Théodore
Ferdinand,Reybaud
Francisque,Agneflète
Stéphane,Alcide
Cassien,Romain
Ulysse,Agathe
Anatole,Théodose
Laurine,Martial
Matthias,Turold
Élisabeth,Edmond
Jean,Gustavine
Isabeau,Delphine
Esther,Adèle
Armide,Daphné
Léon,Ariel
Agilberte,Bastien
Mayeul,Amédée
Ronan,Mamert
Bénigne,Mérovée
Anceline,Mégane
Philomène,Hippolyte
Alcidie,Salomon
Hubert,Léa
Damien,Flavie
Roméo,Josse
Jean,Aurore
Anceline,Armelle
Roméo,Médéric
Anastasie,Florence
Ysaline,Corentin
Artémis,Léna
Réjeanne,Briac
Agathange,Angadrême
Serge,Scholastique
Martine,Éléonore
Aricie,Léa
Japhet,Abigaïl
Simon,Constantin
Armand,Émeline
Christine,Clémentine
Camillien,Ozanne
Amédée,Eudoxe
Macaire,Benjamin
Jason,Octave
Frédéric,Carloman
Florence,Adalbald
Fortunée,Hippolyte
Chrysostome,Ambroise
Diane,Lauriane
Arcade,Azélie
Félix,Angèle
Garnier,Eustache
Dominique,Marcel
Marguerite,Agilbert
Valéry,Magali
Basile,Nine
Amandin,Libère
Pacôme,Acanthe
Sylvestre,Odile
Annibal,Adenet
Angadrême,Sigebert
Brice,Agilberte
Anatolie,Renée
Augustine,Alphonse
Anicée,Pécine
Évangéline,Alphée
Lorraine,Jeannot
Simon,Alcidie
Aminte,Johan
Valentine,Manassé
Juste,Dominique
Joséphine,Jules
Foulques,Ophélie
Agneflète,Renée
Annette,Léonie
Léopoldine,Louis
Ronan,Adrien
Quentine,Boniface
Libère,Aymon
Jérémie,Béranger
Maxence,Clémence
Caroline,Azeline
Anicette,Amande
Apolline,Oriande
Patrice,Arthurine
Alaine,Gabrielle
Garance,Paterne
Gisèle,Bérangère
Roland,Valéry
Eulalie,Thérèse
Camille,Agathe
Gustavine,Anicette
Francette,Caribert
Amalthée,Arsène
Thibert,Guilhemine
Maxime,Sibylle
Arsinoé,Alliaume
Bertrand,Élisabeth
Basilisse,Léa
Léopold,Félix
Arthurine,Coralie
Gilles,Constantin
Caribert,Scholastique
Angélique,Guillemette
Valère,Antide
Delphin,Jehanne
Aymeric,Chilpéric
Clémence,Adelphe
Ancelin,Émile
Athénaïs,Luc
Childebert,Camélien
Xénophon,Gonthier
Hildebert,Suzon
Axeline,Gerberge
Raymond,Norbert
Marcel,Primerose
Gustave,Flore
Toussaint,Chrysostome
Aimé,Waleran
Andéol,Anicette
Emmanuel,Adalbald
Antonin,Ève
Arian,Nathan
Aminte,Serge
Noëlle,Romain
Oriane,Adelphe
Mégane,Léon
Laurence,Eva
Renaud,Anthelmette
Honorine,Émeric
Mérovée,Léopoldine
Gaston,Pascal
Parfait,Christine
Philémon,Aglaé
Alphonsine,Fantine
Alphonsine,Léon
Arthème,Célestine
Jérémie,Agrippine
Laurène,Théophraste
Aubry,Lucien
Urbain,Fulbert
Didier,Candide
Gaspar,Normand
Arnould,Roselin
Gondebaud,Noëlle
Barnabé,Julia
Régine,Corentine
Vianney,Mélisande
Élisabeth,Aimable
Noémie,Savin
Yves,Eugénie
Gabriel,Émile
Aimé,Ghislain
Henriette,Euphrasie
Aminte,Garance
Brigitte,Annabelle
Abdon,Adjutor
Arcade,Séverine
Roland,Bernadette
Félix,Laurine
Apolline,Camille
Martine,Fidèle
Mélisande,Silvère
Armeline,Fulbert
Flavien,Yoann
Irina,Wandrille
Arthaud,Guilhemine
Anne,Betty
Girart,Bérangère
Alexis,Isabeau
Adonise,Carloman
Bertrand,Laurent
Audebert,Arthaud
Arthur,Coraline
Manassé,Tancrède
Frédéric,Prudence
Aurèle,Axelle
Guyot,Francine
Adegrine,Arnould
Maguelone,Sylvain
Dorian,Doriane
Tanguy,Évelyne
Françoise,Caroline
Adelin,Alaïs
Évariste,Prosper
Arthurine,Aricie
Élzéar,Aurélienne
Fiacre,Alcibiade
Zéphirin,Florestan
Guillemette,Zoéva
Eva,Miriam
Aurelle,Émeric
Lucien,Bohémond
Jeanne d’Arc,Enguerrand
Paule,Enguerrand
Éloïse,Antoinette
Geneviève,Claude
Marceau,Ariel
Alexanne,Venance
Oger,Michèle
Raymond,Samuel
Mireille,Benjamin
Lambert,Maugis
Vinciane,François
Thibault,Hortense
Armin,Bouchard
Manassé,Astride
Clément,"Florent,"
Joachim,Corentine
Gisèle,Liétald
Léonard,Astérie
Landry,Henri
Aymeric,Lucille
Valéry,Joachim
Ameline,Marceau
Mélanie,Abel
Aurian,Jonas
Joachim,Lorrain
Aldric,Brunehaut
Corentine,Patrice
Frédéric,Évangéline
Théodore,Juliette
Théodora,Marianne
Ludivine,Manon
Angilran,Pélagie
Jacinthe,Aymeric
Athalie,Bastien
Perrine,Stéphane
Rebecca,Alaïs
Maxellende,Théodore
Adalbald,Fiacre
Épiphane,Antide
Salomé,Sylvestre
Cassandre,Virginie
Jade,Assomption
Léonne,Héloïse
Octave,Abelin
Simone,Mahaut
Aymard,Noëlle
Corinne,Maxime
Dorothée,Axelle
Léa,Antoinette
Florestan,Adrehilde
Agnane,Valérie
Angèle,Apolline
Valentin,Jeanne d’Arc
Amante,Tanguy
Élise,Fidèle
Angilberte,Mathurin
Edmond,Basile
Paulette,Laure
Constant,Antonine
Anicée,Girart
Maud,Bertrand
Quintia,Béranger
Victorin,Thomas
Bérangère,Élise
Thierry,Blanche
Arsènie,Georges
Blandine,Gui
Victorin,Dimitri
Garance,Adalbald
Eusébie,Arthur
Adeltrude,Célestin
Théodora,Colin
Honorine,Marius
Anthelme,Ernest
Trajan,Théophile
Agnan,Laureline
Guy,Judith
Fortuné,Bernard
Euphrasie,Scholastique
Philomène,Gaston
Clovis,Maugis
France,Mégane
Élisabeth,Astride
Yvette,Clovis
Aricie,Océane
Lauriane,Alexis
Ludivine,Ambroisie
Claude,Quiéta
Marius,Christophe
Brunehaut,Orlane
Isabelle,Paulette
Anicée,Soline
Clotilde,Coline
Chrétien,Audrey
Ysaline,Éleuthère
Angèle,Yves
Valentine,Aveline
Anémone,Lauriane
Gilles,Agilbert
Anne,Sixtine
Constance,Oger
Gervais,Bathilde
Marie,Quiéta
Flavie,Urbain
Virginie,Clarisse
Irina,Guenièvre
Balthazar,Adèle
Noëlle,Amaryllis
Germaine,Rebecca
Astride,Anne
Dominique,Adalbaude
Mérovée,Vinciane
Malo,Joseph
Achille,Venance
Prudence,Audran
Orlane,Camille
Tiphaine,Sandrine
Amaliane,Maxime
Adam,Valentine
Maximilien,Clément
Vital,Céline
Élzéar,Irina
Anaëlle,Angadrême
Alix,Aurore
Gaud,Aurore
Hortense,Victoire
Jocelyn,Chilpéric
Aymardine,Valère
Arthur,Mégane
Aymard,Antoine
Brigitte,Bastien
Oury,Émérance
Marcelin,Juliette
Angilbe,Garnier
Corentin,Aldric
Eustache,Naudet
Alaïs,Christine
Dieudonnée,Alliaume
Ariste,Jacques
Victorin,Arnould
Claude,Léandre
Longin,Annette
Gonthier,Dieudonnée
Aymardine,Ambre
Clotilde,Adalric
Josselin,Mireille
Gaspar,Gaston
Avigaëlle,Anicette
Agnan,Justin
Amalthée,Abigaïl
Douce,Pétronille
Camille,Ariel
Agathange,Valère
Adalbert,Hugues
Éléonore,Tonnin
Fortuné,Athina
Valentine,Romain
Armandine,Clotilde
Maugis,Eudoxie
Joanny,Roméo
Gilbert,Chrysostome
Aaron,Barnabé
Célestin,Adalbert
François,Émeline
Malo,Isabelle
Eudes,Lucas
Adélie,Falba
Alizé,Alverède
Camélien,Ludovic
Dominique,Bernard
Isabelle,Théodore
Emmanuel,Childebert
Christine,Fulcran
Romuald,Nicolas
Marthe,Claude
Hédelin,Arian
Arsènie,Axelle
Ève,Anthelme
Firmin,Aimable
Archange,Innocent
Didier,Cyrielle
Lucille,Aliénor
Romain,Néhémie
Éleuthère,Douce
Lucien,Roch
Noël,Ambre
Adjutor,Margot
Antonin,Archibald
Gervais,Taurin
Clarence,Gautier
Japhet,Gilbert
Clotaire,Raymond
Aurian,Arnaud
Ascelin,Athina
Aymonde,Léonne
Alexandre,Florestan
Justine,Rose
Françoise,Garnier
Mylène,Johan
Martine,Douce
Aimable,Marceau
Chrysole,Auriane
Tim,Christian
Félicie,Alain
Michel,Anicette
Évariste,Merlin
Jeanne d’Arc,Fantine
Roselin,Albérade
Marc,Romuald
Sibylle,Patrice
Job,Aliénor
Césaire,Alpinien
Aurelle,Rita
Adèle,Sixte
Yvette,Clémence
Maud,Guillemette
Astrée,Elsa
César,Néhémie
Aurian,Maximilien
Ghislain,Calixte
Guillemette,Élise
Chrétien,Alaine
Aquiline,Émile
Delphine,Bon
Basilisse,Mélissa
Geoffroy,Nadège
Cyrille,Achaire
Aubertine,Archange
Victoire,Jacqueline
Bon,Dorian
Blaise,Roch
Clémentine,Malo
Zoé,Charline
Amaliane,Céleste
Armance,Iseult
Lucille,Yvonne
Aquiline,Gwenaëlle
Angèle,Azeline
Ameline,Ismérie
Agilbert,Garnier
Adam,Odon
Primerose,Léonard
Césaire,Bastien
Sibylle,Balthazar
Mathurin,Armand
Léonie,Quentine
Oury,Aliette
Aloyse,Huguette
Baptiste,Abeline
Violette,Axel
Cyprien,Achille
Christiane,Clovis
Marius,Alphonsine
Rachel,Frédérique
Clovis,Absalon
Gaspard,Athina
Aimé,Amélien
Oger,Évelyne
Chilpéric,Théophraste
Aymeric,Jérôme
Aude,Raymond
Salomé,Lucienne
Marcelin,Armel
Anselme,Pie
Marie,Corentine
Lucas,Valentine
Oriande,Paterne
Maguelone,Rolande
Émérencie,Gédéon
Emma,Gervais
Aveline,Gérard
Nicole,Lazare
Richard,Maud
Antonine,Louis
Victorien,Marceau
Scholastique,Anaëlle
Baptiste,Loup
Coraline,Audebert
Frédéric,Elsa
Arlette,Célestin
Girart,Odile
Corentin,Loïc
Aube,Valérie
Eusébie,Manon
Christelle,Honoré
Patrice,Héloïse
Oger,Juste
Eudes,Armand
Sabine,Agnan
Valère,Brice
Caribert,Abondance
Barthélemy,Aphélie
Constance,Fabrice
Abondance,Lothaire
Macaire,Anémone
Épiphane,Lorraine
Nadège,Gautier
Stéphane,Éliane
Gaston,Anicet
Adrienne,Fortuné
Médéric,Chilpéric
Irène,Rolande
Géraud,Claudien
Edgard,Aldric
Fortuné,Fortuné
Sidoine,Edmée
Angélique,Ambroisie
Angadrême,Sidoine
Isabeau,Aure
Savin,Gustave
Maugis,Aymardine
Ambroisie,Aimé
Basile,Sibylle
Noël,Pépin
Josse,Guérin
Évariste,Amande
Enguerrand,Sibylle
Benoît,Rémi
Jonas,Ansbert
Agilbert,Aymardine
Abondance,Béatrice
Olive,Léopold
Swassane,Ella
Coline,Amaliane
Didier,Annonciade
Annibal,France
Brieuc,Georges
Coralie,Mélisande
Caribert,Perceval
Dieudonné,Muriel
Venceslas,Michel
Jérôme,Armance
Jeannel,Jules
Baptiste,Amaryllis
Amarande,Évrard
Edmée,Félix
Louis,Alaïs
Amant,Astérie
Roch,Dominique
Enguerrand,Henri
Serge,Gilles
Innocent,Maxence
Débora,Coline
Adeline,Chrétien
Capucine,Victor
Prudence,Adeltrude
Germaine,Janine
Céline,Aleaume
Savin,Alcyone
Roselin,Lucille
Cléry,Sophie
Eudoxe,Aldric
Géraud,Jean
Artémis,Débora
Tiphaine,Jacques
Jean,Fortunée
Léa,Renaud
Arielle,Arlette
Maguelone,Laurence
Néhémie,Arnaude
Adalbéron,Odon
Georges,Adelin
Basilisse,Nathalie
Eudoxie,Robert
Emmelie,Angilbe
Geoffroy,Acacie
Adalbald,Léonard
Tristan,Célien
Lorrain,Clélie
Élise,Jean
Hippolyte,Savin
Marceline,Coraline
Aquiline,Gerbert
Héloïse,Arnould
Eubert,Fulgence
Ascension,Delphine
Damien,Moïse
Eulalie,Bartimée
Léonne,Xénophon
Arnaude,Lionel
Néhémie,Émile
Noé,Aure
Jeannel,Ariste
Fiacre,Arian
Timothée,Corentine
Mence,Sébastien
Antonin,Aloïse
Alaïs,Dieudonnée
Joséphine,Tancrède
Éleuthère,Amande
Maugis,Valéry
Adelin,Gustave
Geoffroy,Rachel
Rita,Rachel
Antoine,Moïsette
Audran,Abondance
Azeline,Georges
Albane,Alexandre
Agnan,Archambaud
Waleran,Perceval
Emma,Georgette
Léna,Fanny
Josse,Liétald
Turold,Gontran
Coraline,Agnès
Irina,Léonie
Rachel,Sarah
Alizé,Palémon
Amaranthe,Odilon
Noé,Benjamin
Adonis,Magali
Edmond,Pascal
Alcide,Thibert
Annabelle,Ambre
Axeline,Claudine
Adélaïde,Aubertine
Roméo,Audrey
Amante,Ferdinand
Albert,Philothée
Morgane,Antonine
Ronan,Timothée
Célestine,Fulgence
Acanthe,Cassandre
Thaïs,Antigone
Clotaire,Angilberte
Joël,Amour
Néhémie,Antoine
Odile,Élisée
Isabeau,Amandine
Aure,Raymond
Roger,Adrienne
Paulette,Hermine
Romain,Guy
Flavie,Archambaud
Matthias,Longin
Ariste,Quintia
Élisabeth,Leu
Macaire,Francia
Maguelone,Ulysse
Eudoxie,Judicaël
Alexis,Florian
Fortuné,Estelle
Abondance,Marlène
Bernard,Anastasie
François,Olivier
Swassane,Joël
Almire,Jeannot
Libère,Moïse
Adel,Anstrudie
Almine,Aube
Hervé,Valère
Edmond,Amarande
Agathon,Azeline
Andoche,Alcine
Diane,Axel
Armand,Sixte
Victoire,Eustache
Fanny,Abélard
Benjamin,Clotaire
Adegrin,Aurélienne
Archange,Alliaume
Théodora,Gabriel
Martial,Noémie
Élodie,Arsènie
Anthelmette,Bathilde
Marcelin,Janine
Tim,Andrée
Geneviève,Adam
Philémon,Amarande
Isabeau,Alphée
Zéphirin,Violette
Arthurine,Cléry
Aude,Alexandre
Pélagie,Blanche
Sarah,Pulchérie
Xavier,Salomé
Scholastique,Mireille
Céleste,Laurine
Gisèle,Aymonde
Théophile,Dieudonnée
Emmanuel,Adolphie
Armelle,Almine
Fortuné,Aquiline
Archange,Aurian
Tonnin,Isabeau
Tancrède,Isabeau
Ambre,Céleste
Corentine,Almire
Gwenaëlle,Claudine
Alpinien,Gerbert
Mérovée,Candide
Scholastique,Sigismond
Barnabé,Morgan
Clara,Astarté
Bruno,Jourdain
Trajan,Axeline
Timoléon,Rodolphe
Amandin,Vincent
Adalard,Rebecca
Danielle,Andoche
Clément,Marianne
Flavie,Pétronille
Tatiana,Amandine
Auguste,Camille
Dominique,Félix
Amélien,Zoé
Anicée,Quintia
Eustache,Gaspar
Miriam,Gervais
Guy,Clotaire
Tanguy,Laurent
Balthazar,Maureen
Brunehaut,Gerberge
Germain,Joachim
Tatiana,Mallaury
Huguette,Justine
Adeline,Rodolphe
Bartimée,Andrée
Fantin,Aymardine
Gervais,Émilie
Arsènie,Scholastique
Hélène,Éleuthère
Yseult,Francette
Flore,Ophélie
Eulalie,Abraham
Anicet,Mégane
Corinne,Inès
Naudet,Béranger
Anicette,Anselme
Hardouin,Eugène
Libère,Perceval
Andéol,Nicolas
Jacinthe,Anaëlle
Fantin,Pie
Noël,Auriane
Moïsette,Alliaume
Wandrille,Armine
Annabelle,Taurin
Guillemette,Élisabeth
Bertrand,Edmée
Violette,Jeanne
Marianne,Bénigne
Sigismond,Ysaline
Ursule,Christian
Paulette,Betty
Ludovic,Chrétien
Léa,Guyot
Adonise,Briac
Armine,Rolande
Prudence,Diane
Samuel,Aloïse
Martial,Réjean
Ariel,Sauveur
Germaine,Matthias
Aimable,Cyprien
Jean,Hippolyte
Camillien,Xavier
Ombline,Christelle
Gislebert,Gautier
Aloïse,Tim
Falba,Emmelie
Thaïs,Aymonde
Laure,Valentin
Ansbert,Aline
Isabelle,Chantal
Edgard,Adeltrude
Émérance,Edmond
Élzéar,Isidore
Aaron,Solange
Ulysse,Raymonde
Balthazar,Audebert
Serge,Brigitte
Liétald,Jeanne d’Arc
Virginie,Fulgence
Caribert,Gilbert
Herluin,Roland
Désiré,Eusébie
Abeline,Martial
Achaire,Baptiste
Arcade,Gaspar
Rosalie,Roland
Bénédicte,Amandine
Amandin,Morgan
Adalbert,Yolande
Carine,Huguette
Coraline,Agathon
Georgette,Ophélie
Alcine,Urbain
Yves,Astrée
Anthelmette,Mence
Mylène,Arthaud
Savinien,Janine
Archambaud,Éloïse
Adrienne,Léa
Adam,Guillemette
Astarté,Ludivine
Aube,Élise
Mélissa,Pierre
Yseult,Eugène
Benoît,Irène
Huguette,Adegrine
Lazare,Martine
Jason,Adelphe
Rebecca,Trajan
Florence,Eugénie
Aphélie,Althée
Débora,Zaché
Arcade,Antoinette
Taurin,Aurélie
Brunehilde,Bernadette
Arnould,Briac
Moïse,Abdon
Bohémond,Anselme
Alberte,Romuald
Anceline,Adalric
Christelle,Benoît
Éloïse,Éliane
Cyriaque,Georges
Maguelone,Agrippine
Aricie,Xavier
Adalbald,Axeline
Odon,Delphin
Apollinaire,Fulcran
Ulysse,Ludivine
Aleth,Clara
Hubert,Camille
Gatien,Abondance
Joseph,Pacôme
Cassien,Nathan
Palémon,Alcine
Auguste,Hélier
Astarté,Roland
Théodore,Adalbert
Roch,Arsènie
Gatien,Ariel
Augustine,Charles
Amour,Gabriel
Daphné,Didier
Stéphane,Romane
Armin,Valentine
Sophie,Manassé
Aymonde,Soline
Archambaud,Georgette
Barbe,Alaine
Édith,Garnier
Arian,Cyrielle
Cléandre,Sylvie
Martin,Gérard
Enguerrand,Ariane
Alliaume,Audebert
Argine,Narcisse
Amande,Ronan
Renaud,Enguerrand
Claude,Maurice
Christodule,Aquilin
Lambert,Isabelle
Gonthier,Alcide
Léandre,Évariste
Brunehilde,Marianne
Odile,Amarande
Benjamin,Suzanne
Francette,Améliane
Germain,Sylvie
Maximilien,Joachim
Gerbert,Margot
Sauveur,Amandin
Audrey,François
Régine,Amaranthe
Évariste,Agilberte
Camille,Joachim
Serge,Ascension
Armand,Julie
Isabelle,Édouard
René,Brigitte
Suzanne,Joséphine
Mahaut,Bérangère
Claude,Daphné
Ursule,Perceval
Camélien,Archibald
Clotaire,Morgane
Julien,Herbert
Iris,Aaron
Yolande,Clarence
Alliaume,Maguelone
Flavien,Candide
Nestor,Fulbert
Aimable,Aldonce
Roméo,Brice
Michèle,Jeannel
Aldonce,Aphélie
Amandine,Élzéar
Chrysole,Yolande
Nathanaël,Audrey
Angadrême,Jonas
Judith,Jérôme
Armance,Antide
Ascension,Amandine
Dorian,Clélie
Gontran,Corentine
Victorien,Anastasie
Archibald,Baudouin
Moïse,Édith
Solange,Roger
Anne,Eusèbe
Simone,Tatiana
Régine,Clélie
Noël,Mélissandre
Eustache,Nadège
Aure,Pacôme
Anthelmette,Clotaire
Josselin,Priscille
Laurène,Jocelyn
Jeanne,Jacqueline
Xavier,Charline
Cédric,Constance
François,Emmanuelle
Amante,Yves
Barnabé,Aloïse
Delphin,Ursule
Almine,Azélie
Marcel,Armeline
Michaël,Armance
Angadrême,Renaud
Jude,Joanny
Guérin,Romain
Balthazar,Elsa
Ferdinand,Aurian
Matthieu,Waleran
Gaston,Sandra
Léa,Irina
Albérade,Benoît
Lazare,Théodore
Dominique,Moïse
Michaël,Léa
Martine,Anicette
Frédérique,Narcisse
Axeline,Arthème
Ariel,Bérard
Marcel,Berthe
Épiphane,Sixtine
Aymon,Théophraste
Brieuc,Danielle
Agrippine,Moïse
Merlin,Agnane
Aurore,Aline
Charlotte,Vivien
Nadine,Moïsette
Aloyse,Loïc
Orlane,Christiane
Childebert,Constant
Briac,Quentin
Arnaud,Sauveur
Marthe,Timothée
Odilon,Roméo
Amaryllis,Madeleine
Hildebert,Ambroise
Arnaude,Coline
Clélie,Alliaume
Angoustan,Philippine
Paulette,Agapet
Gui,Léon
Moïse,Nadège
Aliénor,Libère
Rodolphe,Christelle
Frédéric,Jacinthe
"Florent,",Séverin
Coraline,Loïc
Dieudonné,Séverine
Reybaud,Valentin
Alexine,Éric
Ella,Gisèle
Éric,Aurore
Renaud,Chrysole
Esther,Anastasie
Xavier,France
Prosper,Vinciane
Amédée,Naudet
Arsènie,Geoffroy
Amaliane,Rodrigue
Pétronille,Priscille
Adalbald,Juste
Raymond,Constant
Césaire,Salomé
Aminte,Clémentine
Andéol,Archange
Agrippin,Ronan
Alphonsine,Clarence
Sophie,Gervais
Inès,Vincent
Libère,Thaïs
Vital,Roseline
Adelin,Titien
Maxellende,Quiéta
Élise,Lionel
Sigismond,Céleste
David,Émérance
Valentin,Alexine
Audeline,Perrine
Chantal,Iseult
Axelle,Corinne
Astride,Alice
Florian,Roch
Corentine,Arthur
Théodore,Maxence
Roselin,Emmelie
Thérèse,Arsènie
Aveline,Frédérique
Dorothée,Aymon
Lothaire,Henriette
Jacqueline,Laurence
Léa,Suzanne
Gervais,Nathalie
Agilberte,Ludovic
Valérie,Ascension
Mauricette,Maguelone
Félicie,Zoéva
Odette,Mérovée
Jonathan,Briac
Joseph,Matthieu
Alizé,Guérin
Coralie,Amant
Eugénie,Hervé
Norbert,Pécine
Régine,Célestine
Octave,Alexandre
Adam,Gatien
Antonin,Aliénor
Adolphie,David
Hector,Longin
Salomé,Valentine
Edmée,Armeline
Emmelie,France
Annette,Caroline
Benoît,Zéphirin
Raoul,Andoche
Dominique,Théophile
Arthème,Astrée
Évelyne,Quintia
Auxence,Hédelin
Alpinien,Isabeau
Serge,Valérie
Arsinoé,Janine
Malo,Abondance
Pierrick,Tancrède
Sibylle,Sibylle
Philothée,Bénigne
Christine,Noé
Jocelyne,Avoye
Aymeric,Thibault
Alban,Tristan
Arsène,Nadège
Avoye,Corentin
Amaliane,Iseult
Argine,Baudouin
Sandra,Julien
Hortense,Marine
Joanny,Paul
Camille,Régis
Antide,Anstrudie
Achaire,Ferdinand
Irina,Fleur
Agrippine,Clélie
Longin,Raphaël
Adalsinde,Stanislas
Irène,Ludolphe
Victor,Astride
Parfait,Perrine
Octave,Gonthier
Morgan,Gilbert
Émeline,Théodose
Arcadie,Bertille
Roseline,Pierrick
Amour,Iseult
Roseline,Audeline
Alberte,Arnould
Andoche,Vivien
Colin,Clarisse
Alphonsine,Élzéar
Marguerite,Guillemette
Reybaud,Romain
Juste,Jacques
Fulcran,Albéric
Gondebaud,Dieudonné
Hélier,Vigile
Clément,Clément
Alcime,Hilaire
Cyprien,Théophraste
Moïsette,Ronan
Émeline,Albane
Léon,Georges
Marcelin,Achaire
Aurélienne,Sylvie
Palémon,Aurélienne
Cassien,Renée
Carine,Julia
Nadège,Ariane
Abeline,Armeline
Suzon,Morgane
Christine,Rémi
Turold,Nathan
Athanase,Chrysole
Axelle,Douce
Astérie,Fiacre
Néhémie,Constance
Betty,Félicie
Maureen,Aymard
Aleth,Lucienne
Ambroise,Adalbaude
Loup,Gautier
Damien,Cécile
Bohémond,Fanny
Nathanaël,Thérèse
Honoré,Julien
Gonzague,Marc
Hugues,Auxence
Ameline,Thomas
Philomène,Catherine
Avigaëlle,Gaspar
Axeline,Agnès
Albéric,Ronan
Astérie,Albérade
Alban,Beuve
Raphaël,Ansbert
Léandre,Johan
Alpinien,Armin
Séverine,Édith
Estelle,Nathanaël
Clio,Brunehaut
Anaëlle,Avoye
Pierre,Corentine
Aaron,Stéphane
Germain,Guérin
Mathilde,Aleth
Jeanne,René
Aldric,Clotaire
Doriane,Laurène
Léonie,Brunehilde
Gatien,Raymonde
Adalsinde,Éléonore
Aube,Joanny
Hermine,Gaspard
Brice,Barnabé
Aymonde,Orlane
Brieuc,Flavie
Andrée,Pulchérie
Arnaude,Flodoard
Séraphin,Roméo
Mylène,Lucienne
Julien,Aimé
Frédéric,Mélissa
Angoustan,Avoye
Normand,Arcadie
Raoul,Amarande
Arabelle,Germain
Acace,Sandrine
Noémie,Vital
Clément,Cyprien
Annibal,Aloïs
Adeline,Évrard
Corentine,Gaud
Camille,Abelin
Guillemette,Acacie
Brunehaut,Arnaude
Joëlle,Gérard
Amiel,Aurelle
Aleth,Chantal
Suzon,Denise
Agathange,Adolphe
Christelle,Pulchérie
Valentin,Venance
Olympe,Ève
Aaron,Fidèle
Judith,Jocelyn
Vincent,Alpinien
Améthyste,Coline
Ambroise,Vinciane
Brunehaut,Raoul
Samuel,Adegrine
Andéol,Oriande
Constant,Arnaud
Arthur,Arian
Venceslas,Aldonce
Aleth,Garance
Arolde,Denis
Abelin,Leu
Édith,Séverin
Augustine,Corentin
Anthelme,Irina
Adrienne,Turold
Chrysole,Philibert
Arolde,Jocelyne
Édith,Macaire
Simon,Christine
Savinien,Michel
Quintia,Dominique
Garnier,Brigitte
Valentin,Maxime
Christelle,Alexandrine
Waleran,Alexis
Jeannel,Chrysostome
Paterne,Elsa
Thierry,Bon
Guérin,Théodora
Leu,Achille
Cyrille,Juste
Maxime,Noël
Victorin,Samuel
Antonin,Amédée
Réjeanne,Arthurine
Jude,Stéphane
Gaspard,Almire
Chilpéric,Gondebaud
Anicée,Fulbert
Hortense,Élia
Azélie,Roselin
François,Édouard
Lucille,Hortense
Tim,Raymonde
Antoine,Mahaut
Ariel,Lazare
Audouin,Adrienne
Florestan,Hector
Honorine,Pélagie
Amant,Azeline
Mérovée,Cyriaque
Aldric,Beuve
Clarisse,Julie
Azélie,Azalée
Asceline,Alphée
Albane,Célien
Dominique,Maxellende
Sigismond,Cassandre
Abel,Paulette
Absalon,Angilran
Eustache,Madeleine
Boniface,Hincmar
Raoul,Aldegonde
Brigitte,Cécile
Hincmar,Flodoard
Emmanuelle,Audrey
Amarande,Paulette
Germain,Paule
Annibal,Emmanuel
Brieuc,Matthieu
Primerose,Juste
Barbe,Vivien
Noémie,Abraham
Adonise,Camillien
Audebert,Constant
Blandine,Suzanne
Alexandre,Raymond
Michaël,Roch
Adèle,Nathan
Élise,Roland
Hélier,Lucien
Théophile,Astrée
Diane,Basilisse
Alexanne,Normand
Roger,Manon
Fiacre,Fidèle
"Florent,",Michèle
Almine,Élise
Amalthée,Cléandre
Adolphe,Michel
Laurène,Arlette
Justine,Martin
Marine,Amandine
Clarence,Philippine
Parfait,Jacqueline
Wandrille,Aleth
Parfait,Sophie
Aquiline,Annette
Agneflète,Christian
Gislebert,Sarah
Agrippin,Geoffroy
Éliane,Amarande
Rachid,Arsènie
Coralie,Corentin
Éléonore,Améthyste
César,Alaïs
Fidèle,Guillemette
Janine,Eulalie
Vital,Patrice
Alphonsine,Aliette
Emmanuelle,Célestine
Quentin,Azélie
Germain,Olive
Aldric,Savin
Miriam,Marion
Edmée,Marine
Azeline,Andrée
César,Noël
Valentin,Thaïs
Alcime,Sabine
Estelle,Clotilde
Pauline,Eva
Octave,Édouard
Antonine,Sigismond
Germain,Angélique
Gabin,Joël
Normand,Jacques
Abdon,Boniface
Mérovée,Amédée
Évangéline,Rodolphe
Amaliane,Arsinoé
Alverède,Augustine
Brieuc,Andéol
David,Innocent
Hélène,Camille
Ozanne,Aurelle
Thibert,Danielle
Argine,Aimé
Moïse,Marceau
Axel,Almire
Mathurin,Réjeanne
Anthelmette,Guenièvre
Jeanne d’Arc,Arielle
Nicolas,Oger
Michel,Robert
Antoine,Rose
Ismérie,Mélissa
Jacques,Venance
Timoléon,Angèle
Chantal,Ascelin
Pacôme,Caroline
Thaïs,Aimée
Amant,Anceline
Gérard,Xavière
Léonie,Amalric
Emmanuel,Anastase
Hugues,Eusèbe
Sébastien,François
Laurène,Scholastique
Arcade,Gerbert
Cassandre,Herbert
Théophraste,Lydie
Dominique,Adrienne
Libère,Clotaire
Éloïse,Christodule
Ella,Barthélemy
Laurane,Basile
Jason,Germain
Marthe,Quiéta
Ascension,Angilran
Anselme,Germaine
Sibylle,Philomène
Renaud,Débora
Angèle,Mélissandre
Xavier,Pie
Fantin,Clarisse
Adalbaude,Zacharie
Taurin,Roméo
Aricie,Bruno
Barnabé,Danielle
Adalbert,Ariste
Lucie,Armelle
Prudence,Henri
Bérangère,Toussaint
Edmée,Abigaïl
Paterne,Anatole
Charlaine,Marianne
Ysaline,Hector
Blaise,Vivien
Laureline,Aldric
Fabrice,Gervais
Xavière,Noëlle
Zaché,Jason
Marianne,Valéry
Longin,Amant
Philothée,Ascelin
Agathon,Armeline
Cyriaque,Ansbert
Anaëlle,Priscille
Bérangère,Vivien
Élodie,Mélanie
Toussaint,Rémi
Daphné,Agrippin
Camille,Aaron
Arnaude,Ferdinand
Georgette,Geoffroy
Aglaé,Amour
Ombline,Aloïs
Astérie,Yseult
Thérèse,Mahaut
Iris,Denise
François,Victorin
France,Tim
Lorrain,Sidoine
Stéphane,Clovis
Amalthée,Pélagie
Aimé,Noémie
Lauriane,Oury
Audebert,Ascension
Enguerrand,Emmelie
Quintia,Macaire
Brigitte,Éléonore
Camélien,Aquiline
Alcyone,Ronan
Nicéphore,Gaëlle
Sébastien,Élie
Rebecca,Alexandrine
Archange,Raymond
Ophélie,Agathon
Olive,Isidore
René,Venance
Alix,Danielle
Geneviève,Théodora
Gaston,Christian
Arolde,Damien
Diane,Léopold
Sabine,Zaché
Aristide,Melchior
Garnier,Christophe
Joël,Constance
Clotaire,Gervais
Gonthier,Blaise
Fleur,Édouard
Adhémar,Stéphane
Hédelin,Tim
Sixte,Astarté
Hélène,Simone
Mélissa,Jonas
Philomène,Jason
Gui,Hilaire
Clélie,Célien
Agapet,Théodore
Gislebert,Camillien
Véronique,Arsène
Coralie,Adrastée
Acacie,Auguste
Marius,Émilie
Salomon,Jean
Raoul,Mélodie
Eusébie,Rose
Gerberge,Chrysostome
Laurine,Axelle
Malo,Valère
Denise,Reine
Leu,Angilran
Aurélienne,Geneviève
Fortunée,Venceslas
Serge,Aymon
Eudes,Margot
Armin,Alcime
Baptiste,Célien
Johan,Dominique
Éloïse,Guérin
Joëlle,Rebecca
Angilbe,Conception
Sixtine,Aleth
Zoé,Philothée
Éric,Emmanuelle
Éléonore,Auriane
Annette,Adalbert
Almine,Ludovic
Aure,René
Jehanne,Elsa
Nadine,Martine
Ombline,Noëlle
Gui,Nathan
Marc,Magali
Odilon,Yvonne
Hippolyte,Célestine
Aurelle,Gwenaëlle
Arabelle,Perceval
Hardouin,Tristan
Eugénie,Arsinoé
Loup,Henri
Sylvain,Angoustan
Gaspard,Hector
Alix,Cyrielle
Landry,Grégoire
Huguette,Sidoine
Anaëlle,Alaïs
Berthe,Andoche
Toussaint,Alexine
Yvette,Adegrin
Astrée,Amandine
Rémi,Philibert
Armel,Justin
Calixte,Jocelyn
Nadine,Loup
Amalthée,Serge
César,Vinciane
Aminte,Flodoard
Amédée,Adélaïde
Guyot,Paulette
Éliane,Édouard
Césaire,Clio
Noël,Éléonore
Axelle,Alpinien
Adrienne,Grégoire
Olivier,Clélie
Artémis,Fidèle
Soline,Eusébie
Lucienne,Libère
Lorrain,Fantin
Brieuc,Aveline
Andoche,Douce
Gisèle,Brigitte
Claude,Martin
Balthazar,Armandine
Iseult,Berthe
Sauveur,Rosalie
Adélie,Clélie
Angadrême,Albane
Artémis,Foulques
Constantin,Leu
Sauveur,Brunehilde
Guilhemine,Aude
Honorine,Tim
François,Childebert
Annette,René
Azalée,Ameline
Douce,Antonine
Aphélie,Annabelle
Aubry,Azalée
Charline,Leu
Amaranthe,Tristan
Merlin,Dieudonnée
Matthias,Cédric
Pauline,Armance
Venceslas,Agnan
Hilaire,Antigone
Eudoxie,Gabin
Fantin,Malo
Édouard,Salomon
Pierrick,Aubertine
Priscille,Dominique
Edmée,Gonthier
Balthazar,Isabeau
Agnane,Sidoine
Martine,Julia
Laurent,Antigone
Aleaume,Adalsinde
Aimable,Savinien
Arthème,Eva
Arian,Jérôme
Mélodie,Gaud
Sauveur,Aliénor
Amandin,Jean
Clara,Pierrick
Capucine,Briac
Ismérie,Romain
Marcelin,Astérie
Christiane,Alizé
Sylvain,Irène
Jocelyn,Danielle
Anne,Anthelme
Fortunée,Andoche
Gabin,Audouin
Adegrine,Jeanne
Eubert,Acanthe
Matthieu,Eva
Tanguy,Azeline
Constance,Antonin
Hector,Jean
Fantine,Hélier
Athina,Aymard
Irina,Agilberte
Yseult,Régine
Julie,Juliette
Abdonie,Gui
Augustine,Arthur
Audrey,Denis
Athanasie,Nicéphore
Paterne,Annonciade
Éric,Arsinoé
Sabine,Élodie
Prosper,Malo
Marie,Anaïs
Mélodie,Nathan
Jérôme,Gustavine
Félix,Caribert
Estelle,Armande
Céline,Coraline
Fulgence,Guyot
"Florent,",Astride
Armandine,Aldric
Rachel,Eva
Gerberge,Aquilin
Marion,Hubert
Aricie,Sibylle
Eusèbe,Arcade
Adeltrude,Job
Émile,Colin
Alcyone,Lambert
Alpinien,Fortunée
Emmanuelle,Armand
Chantal,Adolphe
Landry,Néhémie
Gustave,Célestine
Constant,Tancrède
Sigebert,Rose
Turold,Réjeanne
Charlotte,Annabelle
Estelle,Alliaume
Odilon,Germain
Joséphine,Arthème
Isidore,Solange
